{"cameraMode":{"drawMode":0,"name":"Shaded","section":"Shading Mode"},"sceneLighting":false,"audioPlay":false,"sceneViewState":{"m_AlwaysRefresh":false,"showFog":true,"showSkybox":false,"showFlares":true,"showImageEffects":true,"showParticleSystems":true,"showVisualEffectGraphs":true,"m_FxEnabled":true},"in2DMode":false,"pivot":{"x":-2.398529291152954,"y":-0.043482840061187747,"z":-13.92711353302002},"rotation":{"x":-0.07686353474855423,"y":0.9155080318450928,"z":-0.33398863673210146,"w":-0.21069316565990449},"size":0.4330126941204071,"orthographic":false}